-- Script was generated by Devart dbForge Data Generator for MySQL, Version 2.6.27.0
-- Product Home Page: http://www.devart.com/dbforge/mysql/data-generator
-- Script date 12/06/2023 9:12:43 p. m.
-- Target server version: 8.0.33
-- Target connection string: User Id=root;Host=localhost;Character Set=utf8
--

SET SQL_SAFE_UPDATES = 0;
USE bd_admisiones;
--
-- Delete data from the table 'simulacro_extranjero'
--
TRUNCATE TABLE Simulacro_extranjero;
--
-- Delete data from the table 'pruebas_posgrado'
--
TRUNCATE TABLE Pruebas_posgrado;
--
-- Delete data from the table 'pruebas_musica'
--
TRUNCATE TABLE Pruebas_musica;
--
-- Delete data from the table 'prueba_cine_y_television'
--
TRUNCATE TABLE Prueba_cine_y_television;
--
-- Delete data from the table 'prueba_artes_plasticas'
--
TRUNCATE TABLE Prueba_artes_plasticas;
--
-- Delete data from the table 'prueba_admision_pregrado'
--
TRUNCATE TABLE Prueba_admision_pregrado;

--
-- Delete data from the table 'inscripcion_programa_pregrado'
--
TRUNCATE TABLE Inscripcion_programa_pregrado;
--
-- Delete data from the table 'inscripcion_programa_posgrado'
--
TRUNCATE TABLE Inscripcion_programa_posgrado;

INSERT INTO Convocatoria(anno_convocatoria, semestre_convocatoria, fecha_prueba_admision) VALUES
(2021, 2, '2018-06-21 04:17:15'),
(2015, 2, '2015-01-01 00:00:07'),
(2016, 2, '2015-01-01 00:00:09'),
(2021, 2, '2015-01-01 00:31:40'),
(2021, 1, '2015-01-01 00:00:01'),
(2017, 2, '2016-08-24 12:23:47'),
(2022, 2, '2022-02-22 10:10:34'),
(2017, 1, '2018-05-05 12:31:24'),
(2016, 2, '2016-10-15 08:29:16'),
(2021, 2, '2019-07-03 13:35:49'),
(2017, 2, '2021-07-30 14:46:44'),
(2023, 2, '2022-04-20 05:42:12'),
(2020, 1, '2020-02-08 21:47:34'),
(2020, 2, '2019-03-03 11:07:35'),
(2015, 1, '2019-09-13 09:42:36'),
(2020, 1, '2015-01-01 00:12:43'),
(2023, 2, '2021-08-07 02:59:31'),
(2018, 1, '2015-01-01 00:00:03'),
(2018, 1, '2022-07-12 14:58:13'),
(2017, 2, '2020-07-24 12:13:01'),
(2019, 1, '2022-01-11 10:03:04'),
(2019, 1, '2015-01-01 00:00:05'),
(2017, 2, '2015-01-01 00:00:02'),
(2023, 1, '2020-09-19 18:13:13'),
(2019, 1, '2021-01-06 23:03:27'),
(2021, 2, '2021-11-06 14:09:34'),
(2023, 2, '2015-01-01 00:14:48'),
(2021, 2, '2015-01-01 00:00:02'),
(2019, 1, '2015-01-01 00:09:08'),
(2021, 2, '2016-01-04 07:24:47'),
(2020, 1, '2023-06-12 23:41:10'),
(2018, 2, '2021-03-01 20:36:55'),
(2016, 2, '2015-01-01 00:08:45'),
(2023, 1, '2022-09-13 21:06:42'),
(2018, 2, '2015-01-01 00:00:54'),
(2021, 1, '2015-01-01 00:14:52'),
(2022, 1, '2017-07-27 14:21:28'),
(2021, 1, '2015-01-01 00:00:07'),
(2022, 1, '2018-02-22 06:00:06'),
(2015, 1, '2015-01-01 00:01:38'),
(2015, 1, '2016-03-28 15:33:25'),
(2020, 1, '2017-10-27 17:09:50'),
(2017, 1, '2015-01-01 00:08:52'),
(2020, 1, '2018-09-05 21:43:59'),
(2018, 2, '2021-02-04 07:57:47'),
(2023, 1, '2019-04-10 21:59:28'),
(2022, 2, '2015-01-01 00:05:05'),
(2015, 2, '2021-08-25 07:29:16'),
(2017, 1, '2018-10-12 19:22:39'),
(2018, 2, '2023-03-28 17:05:02');


SELECT * FROM Convocatoria;
--
-- Inserting data into table lugar_prueba
--
INSERT INTO Lugar_prueba(nombre_lugar_prueba, departamento_lugar_prueba, ciudad_lugar_prueba) VALUES
('Colegio Los Nogales', 'Santander', 'Bucaramanga'),
('Colegio Santa Francisca Romana', 'Valle del cauca', 'Cali'),
('Colegio Nacional de La Salle', 'Santander', 'Bucaramanga'),
('Colegio San Ignacio de Loyola', 'Bolivar', 'Cartagena'),
('Colegio Gimnasio Moderno', 'Santander', 'Bucaramanga'),
('Colegio Nacional de La Salle', 'Bolivar', 'Cartagena'),
('Colegio Santa Francisca Romana', 'Bolivar', 'Cartagena'),
('Colegio San Ignacio de Loyola', 'Cundinamarca', 'Bogotá'),
('Colegio San Viator', 'Bolivar', 'Cartagena'),
('Colegio San Jorge de Inglaterra', 'Bolivar', 'Cartagena'),
('Colegio Nueva Granada', 'Norte de santander', 'Cúcuta'),
('Colegio San Viator', 'Santander', 'Bucaramanga'),
('Colegio San Jorge de Inglaterra', 'Atlantico', 'Barranquilla'),
('Colegio San Jorge de Inglaterra', 'Atlantico', 'Bucaramanga'),
('Colegio San Jorge de Inglaterra', 'Atlantico', 'Bucaramanga'),
('Colegio San Viator', 'Bolivar', 'Cartagena'),
('Colegio Santa Francisca Romana', 'Valle del cauca', 'Cali'),
('Colegio San Bartolomé La Merced', 'Valle del cauca', 'Cali'),
('Colegio Los Nogales', 'Norte de santander', 'Cúcuta'),
('Colegio Nacional de La Salle', 'Cundinamarca', 'Bogotá'),
('Colegio Nueva Granada', 'Santander', 'Bucaramanga'),
('Colegio San Bartolomé La Merced', 'Norte de santader', 'Cúcuta'),
('Colegio Nueva Granada', 'Bolivar', 'Cartagena'),
('Colegio Gimnasio Moderno', 'Valle del cauca', 'Cali'),
('Colegio San Bartolomé La Merced', 'Valle del cauca', 'Cali'),
('Colegio Gimnasio Moderno', 'Atlantico', 'Barranquilla'),
('Colegio Nueva Granada', 'Santander', 'Bucaramanga'),
('Colegio San Bartolomé La Merced', 'Atlantico', 'Barranquilla'),
('Colegio Nacional de La Salle', 'Valle del cauca', 'Cali'),
('Colegio Nueva Granada', 'Norte de santander', 'Cúcuta'),
('Colegio San Bartolomé La Merced', 'Santander', 'Bucaramanga'),
('Colegio San Viator', 'Santander', 'Bucaramanga'),
('Colegio Nueva Granada', 'Cundinamarca', 'Bogotá'),
('Colegio Santa Francisca Romana', 'Antioquia', 'Medellín'),
('Colegio San Bartolomé La Merced', 'Valle del cauca', 'Cali'),
('Colegio San Viator', 'Norte de santander', 'Cúcuta'),
('Colegio Los Nogales', 'Valle del cauca', 'Cali'),
('Colegio San Jorge de Inglaterra', 'Norte de santander', 'Cúcuta'),
('Colegio San Ignacio de Loyola', 'Norte de santander', 'Cúcuta'),
('Colegio Nueva Granada', 'Valle del cauca', 'Cali'),
('Colegio Santa Francisca Romana', 'Norte de santander', 'Cúcuta'),
('Colegio San Bartolomé La Merced', 'Santander', 'Bucaramanga'),
('Colegio San Carlos', 'Atlantico', 'Barranquilla'),
('Colegio Nueva Granada', 'Atlantico', 'Barranquilla'),
('Colegio Santa Francisca Romana', 'Cundinamarca', 'Bogotá'),
('Colegio San Viator', 'Santander', 'Bucaramanga'),
('Colegio San Jorge de Inglaterra', 'Santander', 'Bucaramanga'),
('Colegio Los Nogales', 'Antioquia', 'Medellín'),
('Colegio San Bartolomé La Merced', 'Antioquia', 'Medellín'),
('Colegio Nueva Granada', 'Atlantico', 'Barranquilla');

Select * from Lugar_prueba;

--
-- Inserting data into table resultados_icfes
--


--
-- Inserting data into table sede
--

INSERT INTO Sede(nombre_sede) VALUES
('Manizales'),
('Palmira'),
('Caribe'),
('Tumaco'),
('Amazonia'),
('De La Paz'),
('Medellín'),
('Orinoquia'),
('Bogotá');

-- DROP TABLE Sede;
SELECT * FROM Sede;

--
-- Inserting data into table aspirante
--
INSERT INTO Aspirante(id_aspirante, id_tipo_aspirante, nombre_aspirante, apellido_aspirante, correo_personal_aspirante, fecha_nacimiento, departamento_aspirante, ciudad_aspirante, estrato_apirante, resultado_icfes,telefono_aspirante) VALUES
(1002459526, 'CC', 'Juan David', 'Vásquez Pinzón', 'juandavid@gmail.com', '2002-09-12', 'Boyacá', 'Duitama', 3, 400, 3868325301),
(2, '19222', 'KWUQ74', '11450', '4WA7S7', '1983-10-10', 'K1', 'X2706O1', 61497087, 120, 3774298550),
(3, '86849', 'T', '08242', '0', '1990-01-27', 'E', 'H', 1321446349, 496, 3807582302),
(4, '08276', '3NO40J', '34958', 'J', '1976-01-25', '7U', 'VS83MC9P3BR3', 1713579631, 216, 3800738455),
(5, '23003', 'EX', '76703', '6O3', '1977-05-07', 'KXI', 'BMO', 1539174560, 127, 3188993525),
(6, '68767', '3LQ8', '49273', '9DF', '1978-11-16', '020499C3L1XC', '0MN8A59YZ2', 1104652174, 179, 3581729427),
(7, '47864', 'SI15', '43735', 'L8', '2003-04-11', 'DT358', 'Y171', 1450422331, 279, 3313537129),
(8, '44963', 'W4575I527T', '77578', '5', '1994-07-26', '9R8A', '1P', 744291659, 153, 3259540745),
(9, '15878', 'R7', '43438', 'PU7', '1970-03-05', '3Q683084', 'X', 63, 417, 3815641480),
(10, '40093', 'D80X', '96139', '7823H9ANM99OGB57T081J041U61', '1970-10-10', '6YQV498J6', 'B7', 669806174, 195, 3158386197),
(11, '75351', 'E9DL2Q5', '99399', '10', '1981-03-14', 'UH', 'KD3625J', 216794175, 114, 3550115050),
(12, '34115', '07C026274Y7E8W7RHCC', '74840', '27H', '1970-01-05', 'K9W', 'HH7X23XN9T6621N637K081394X5', 4, 353, 3768724172),
(13, '89169', '5M970G3PJQ', '53842', 'EV1F47A9', '1975-07-24', '61M31M43A80', '1', 830807798, 366, 3334711086),
(14, '37957', 'O10XA', '78879', '5B5', '1970-01-01', 'W2K742SJG', 'O050S', 0, 260, 3640458516),
(15, '05398', '4X306P4', '87968', 'BNIL10U9', '1992-08-09', '15W8I1ZC4', 'S', 645237757, 448, 3355073320),
(16, '69532', '4G', '48619', 'M5186E4J63SE', '1993-05-31', 'DTB', '0S795ACBY2M', 657187435, 204, 3474372799),
(17, '93261', 'U1J', '54770', 'JZC5016J29XU2', '2001-01-08', 'XB', 'U7', 295069519, 332, 3274373535),
(18, '76457', '34', '93604', '8', '1972-07-30', 'B720206WQ19D2VYC568N45PIGRU7X', '3A44', 941, 478, 3665939624),
(19, '33589', 'HN4N3', '07975', '7N8G8H737987', '1998-06-07', 'B39F0R', 'SNV4H2K0', 48190158, 205, 3556718004),
(20, '32014', 'USVDCUE7', '09304', '1K9B7192931C56Z', '1970-03-24', 'PBC50', 'JYE4TU831', 82, 421, 3499723323),
(21, '88231', '20Y0', '98944', 'ADG8', '2003-08-25', 'SN', 'GG', 1958944240, 131, 3311648019),
(22, '16874', 'KC', '34891', '1848Q', '1999-07-04', 'UKX6', '8M', 1462263971, 463, 3567240896),
(23, '01414', 'ZD65Y4N545K4X', '50500', '24', '1986-01-20', 'XZ844H5', '3S34F9A4ISS78', 1335149631, 186, 3475696954),
(24, '51627', '0R7Y67CR71T6RNOR', '70957', '4M66', '1986-08-09', '357Z', 'EHT841', 1148687997, 327, 3974122207),
(25, '82218', 'E85J6W', '20928', 'K86', '1970-11-09', '68675SL8048', 'YU1047J', 312, 326, 3441279780),
(26, '38423', '5W4CL4223', '64117', '8LQ07I2OL8V', '1979-03-06', '2D6O', 'D', 1587173014, 488, 3619550532),
(27, '55629', 'I7H', '96600', '7KG0Z569M8843208ADSK90R7TA8J', '1994-07-11', '0Z', '0PECZ89', 726787874, 286, 3561502548),
(28, '76086', 'DXG4M0URM6UI', '24021', '7F1B9Z26Z41K16G4H', '1970-03-29', '2TDNV487', '23R4S69YN96L0461SFG', 87, 370, 3452566258),
(29, '96465', 'XN059MTLU99367KD9216JD', '47090', 'WJQ6', '1991-08-04', '9', '8IOA7E6T104R82AWIM320W', 740176887, 154, 3705184652),
(30, '24936', '8VU80I57Q', '65214', 'T', '1970-04-08', '24N', '875HA47YMBP1H3C1HF', 97, 388, 3287761331),
(31, '85820', 'U41H49', '81150', 'V8QBV8D', '1977-01-31', 'J917VZ', 'R', 2043738361, 365, 3563269579),
(32, '48781', '474I0WHI', '06633', '5XVJ114IN', '1994-10-08', '2I910YC4156S94S7QQ7S00', 'V2FAOF1AU7OCEB3', 506792090, 374, 3539326510),
(33, '84404', 'O7SGD3428T', '20864', '5N5TX32', '2011-04-06', 'U2V4I3HJ1', '6', 1062563731, 413, 3006027249),
(34, '62008', '1A', '78189', 'M78', '1979-11-27', '0Z0PZ', '759Y4T17Q85', 3617, 139, 3941091505),
(35, '94299', 'FZ', '45434', 'K11Z5WU56W004GA', '2014-08-12', '47CCJB393N37', '38XX0', 1472197184, 378, 3489974955),
(36, '47426', '161', '23342', '8YD', '1973-07-04', '9', '9VN059QY', 20376260, 441, 3957582478),
(37, '63555', '240M8', '42393', 'CJU98056Q810VMJZY88098W937ISU6', '1970-05-08', 'XS5', 'V47K7', 636177596, 492, 3002396020),
(38, '09892', 'S34I017R290M4J', '32691', '48FJ9AGBQ7GY16Y4', '1995-10-03', 'YG8IO8X3', 'EC4YH7K7', 705177999, 274, 3029998835),
(39, '03167', '504', '13392', 'NXVP6UL3M29', '1988-07-31', 'UCNSYJI7JTB7S3S', '6B6', 13374071, 320, 3749199830),
(40, '93063', 'LMN3ON2', '18350', 'I6', '1984-02-24', '25B4C8B2C10', '2', 890945376, 350, 3906350623),
(41, '43815', 'P7TJ382317', '14786', '9UV592K5OF0AD45', '1993-09-19', 'W', '8NVR', 249185689, 299, 3831045739),
(42, '17692', '2J2Y2', '54239', 'J604NYT', '2004-03-24', 'VLFM1I6DU78N99C48EM150C9', 'A1G71H61JK9C14Q299Y73', 1313602615, 490, 3188588433),
(43, '70076', 'LJQ5L613MF3Z', '76688', '69A60', '1991-12-13', '4', '72', 187485474, 165, 3805983826),
(44, '22225', '67O4', '22793', '8VA8N54', '2018-01-09', 'I0NLD7198', 'R45853DO6BGB8HME7344', 553945085, 217, 3988391920),
(45, '99070', '3V2009C', '14554', 'X', '1970-05-22', 'VV28Q9T', '15', 141, 420, 3352277279),
(46, '62888', '6D1TS5', '81148', 'T3FQ9H75H', '2015-04-21', '19B375C45RWB6SNZ822F6', 'UE7U0', 455992310, 278, 3644046958),
(47, '45043', '1', '16653', '7E', '2002-02-23', '553HV5ZR', 'V9', 847255103, 250, 3290117614),
(48, '70580', '73UQ6Q', '29443', '5IBH6213E3XBTJ164', '2005-06-19', '5NCU72KE690336ZID8IUDDO9G759W5ITJC0JTOWFM8DKS', '13MI', 703459902, 485, 3688899078),
(49, '02368', '56X8', '91946', 'NMT', '1983-04-22', 'F72J43YV0D', '7S', 1842724251, 141, 3676539854),
(50, '84763', 'K9', '68391', '2A816IQ6M8WP0ZB1', '1997-02-22', 'JZZ9BOAPI982ALJ7', 'DE567O5E2R7VQED78Z14', 9914, 223, 3065460744);

--
-- Inserting data into table convocatoria_posgrado
--
INSERT INTO Convocatoria_posgrado(id_convocatoria) VALUES
(46),
(5),
(50),
(37),
(13),
(31),
(26),
(43),
(19),
(49),
(47),
(11),
(32),
(27),
(14),
(20),
(45),
(15),
(21),
(38),
(6),
(44),
(39),
(1),
(33),
(34),
(28),
(48),
(7),
(23),
(16),
(2),
(22),
(17),
(12),
(18),
(40),
(29),
(35),
(24),
(41),
(8),
(36),
(3),
(9),
(42),
(30),
(4),
(10),
(25);

--
-- Inserting data into table convocatoria_pregrado
--
INSERT INTO Convocatoria_pregrado(id_convocatoria, tipo_convocatoria_pregrado, puntaje_minimo_admision_convocatoria_pregrado) VALUES
(30, 'Admision PAES', 50),
(22, 'Admision PAES', 50),
(39, 'Admision regular', 50),
(47, 'Admision PAES', 50),
(45, 'Admision PAES', 50),
(17, 'Adimision PEAMA', 50),
(48, 'Admision regular', 50),
(34, 'Admision PAES', 50),
(25, 'Admision regular', 50),
(50, 'Admision regular', 50),
(31, 'Admision regular', 50),
(1, 'Admision PAES', 50),
(7, 'Adimision PEAMA', 50),
(40, 'Admision PAES', 50),
(26, 'Admision regular', 50),
(32, 'Admision regular', 50),
(12, 'Admision PAES', 50),
(18, 'Admision PAES', 50),
(2, 'Admision PAES', 50),
(46, 'Admision regular', 50),
(49, 'Admision PAES', 50),
(8, 'Admision PAES', 50),
(3, 'Adimision PEAMA', 50),
(35, 'Admision PAES', 50),
(9, 'Adimision PEAMA', 50),
(13, 'Admision regular', 50),
(4, 'Admision PAES', 50),
(41, 'Admision PAES', 50),
(19, 'Admision regular', 50),
(10, 'Adimision PEAMA', 50),
(14, 'Adimision PEAMA', 50),
(27, 'Admision regular', 50),
(36, 'Adimision PEAMA', 50),
(5, 'Admision regular', 50),
(20, 'Admision PAES', 50),
(15, 'Adimision PEAMA', 50),
(42, 'Admision PAES', 50),
(33, 'Admision regular', 50),
(11, 'Admision PAES', 50),
(21, 'Adimision PEAMA', 50),
(16, 'Admision regular', 50),
(6, 'Admision regular', 50),
(28, 'Admision regular', 50),
(37, 'Adimision PEAMA', 50),
(23, 'Adimision PEAMA', 50),
(29, 'Admision PAES', 50),
(43, 'Admision PAES', 50),
(38, 'Admision regular', 50),
(24, 'Adimision PEAMA', 50),
(44, 'Adimision PEAMA', 50);

--
-- Inserting data into table especificacion_lugar_prueba
--
INSERT INTO Especificacion_lugar_prueba(id_lugar_prueba, descripcion_especifica_lugar_prueba) VALUES
(11, 'Carretera Costera, Frente a la Playa.'),
(5, 'Avenida Principal, Ciudad Universitaria.'),
(6, 'Calle de la Educación, Barrio Residencial.'),
(4, 'Avenida Principal, Ciudad Universitaria.'),
(8, 'Calle de la Educación, Barrio Residencial.'),
(14, 'Avenida Tecnológica, Zona Industrial.'),
(13, 'Avenida Tecnológica, Zona Industrial.'),
(12, 'Calle de la Educación, Barrio Residencial.'),
(10, 'Calle del Evento, Centro de la Ciudad'),
(7, 'Calle de la Educación, Barrio Residencial.'),
(5, 'Calle de la Educación, Barrio Residencial.'),
(7, 'Avenida Principal, Ciudad Universitaria.'),
(10, 'Carretera Costera, Frente a la Playa.'),
(6, 'Avenida Principal, Ciudad Universitaria.'),
(8, 'Avenida Tecnológica, Zona Industrial.'),
(13, 'Avenida Principal, Ciudad Universitaria.'),
(7, 'Avenida Tecnológica, Zona Industrial.'),
(9, 'Carretera Costera, Frente a la Playa.'),
(11, 'Calle de la Educación, Barrio Residencial.'),
(5, 'Calle del Evento, Centro de la Ciudad'),
(9, 'Avenida Principal, Ciudad Universitaria.'),
(10, 'Calle de la Educación, Barrio Residencial.'),
(6, 'Avenida Tecnológica, Zona Industrial.'),
(4, 'Calle del Evento, Centro de la Ciudad'),
(5, 'Avenida Tecnológica, Zona Industrial.'),
(3, 'Calle del Evento, Centro de la Ciudad'),
(8, 'Avenida Principal, Ciudad Universitaria.'),
(10, 'Avenida Tecnológica, Zona Industrial.'),
(9, 'Avenida Tecnológica, Zona Industrial.'),
(6, 'Carretera Costera, Frente a la Playa.'),
(12, 'Avenida Principal, Ciudad Universitaria.'),
(2, 'Calle del Evento, Centro de la Ciudad'),
(7, 'Calle del Evento, Centro de la Ciudad'),
(11, 'Avenida Principal, Ciudad Universitaria.'),
(6, 'Calle del Evento, Centro de la Ciudad'),
(8, 'Carretera Costera, Frente a la Playa.'),
(5, 'Carretera Costera, Frente a la Playa.'),
(4, 'Carretera Costera, Frente a la Playa.'),
(1, 'Calle del Evento, Centro de la Ciudad'),
(10, 'Avenida Principal, Ciudad Universitaria.'),
(12, 'Avenida Tecnológica, Zona Industrial.'),
(7, 'Carretera Costera, Frente a la Playa.'),
(9, 'Calle de la Educación, Barrio Residencial.'),
(3, 'Carretera Costera, Frente a la Playa.'),
(11, 'Avenida Tecnológica, Zona Industrial.'),
(9, 'Calle del Evento, Centro de la Ciudad'),
(8, 'Calle del Evento, Centro de la Ciudad'),
(2, 'Carretera Costera, Frente a la Playa.'),
(4, 'Calle de la Educación, Barrio Residencial.'),
(3, 'Calle de la Educación, Barrio Residencial.');

--
-- Inserting data into table facultad
--
INSERT INTO Facultad(id_facultad, nombre_sede, nombre_facultad) VALUES
(7, 'Palmira', 'Departamento de Lingüística'),
(9, 'Bogotá', 'Departamento de Ciencias Economías'),
(10, 'Bogotá', 'Departamento de Humanidades'),
(4, 'Tumaco', 'Departamento de Artes'),
(4, 'Manizales', 'Departamento de Ciencias Naturales'),
(10, 'Amazonia', 'Departamento de Lingüística'),
(13, 'Bogotá', 'Departamento de Ciencias Economías'),
(8, 'Caribe', 'Departamento de Artes'),
(6, 'Manizales', 'Departamento de Medicina'),
(7, 'Amazonia', 'Departamento de Artes'),
(5, 'Tumaco', 'Departamento de Artes'),
(3, 'Manizales', 'Departamento de Ciencias Economías'),
(10, 'De La Paz', 'Departamento de Medicina'),
(6, 'Amazonia', 'Departamento de Ciencias Naturales'),
(4, 'Palmira', 'Departamento de Ciencias Exactas'),
(9, 'Tumaco', 'Departamento de Ciencias Economías'),
(7, 'De La Paz', 'Departamento de Ciencias Naturales'),
(5, 'Manizales', 'Departamento de Ciencias Economías'),
(11, 'Medellín', 'Departamento de Ciencias Naturales'),
(5, 'Caribe', 'Departamento de Derecho'),
(5, 'Palmira', 'Departamento de Lingüística'),
(6, 'Palmira', 'Departamento de Lingüística'),
(2, 'Manizales', 'Departamento de Humanidades'),
(8, 'Medellín', 'Departamento de Derecho'),
(5, 'Amazonia', 'Departamento de Ciencias Economías'),
(3, 'Palmira', 'Departamento de Lingüística'),
(8, 'De La Paz', 'Departamento de Derecho'),
(6, 'Caribe', 'Departamento de Ciencias Naturales'),
(9, 'Medellín', 'Departamento de Humanidades'),
(6, 'Tumaco', 'Departamento de Medicina'),
(12, 'Orinoquia', 'Departamento de Derecho'),
(6, 'De La Paz', 'Departamento de Medicina'),
(7, 'Tumaco', 'Departamento de Medicina'),
(7, 'Caribe', 'Departamento de Lingüística'),
(10, 'Orinoquia', 'Departamento de Medicina'),
(8, 'Amazonia', 'Departamento de Ciencias Naturales'),
(9, 'Orinoquia', 'Departamento de Ciencias Naturales'),
(4, 'Caribe', 'Departamento de Humanidades'),
(1, 'Manizales', 'Departamento de Ciencias Exactas'),
(10, 'Medellín', 'Departamento de Lingüística'),
(8, 'Tumaco', 'Departamento de Ciencias Exactas'),
(11, 'Bogotá', 'Departamento de Ciencias Naturales'),
(9, 'De La Paz', 'Departamento de Lingüística'),
(7, 'Medellín', 'Departamento de Lingüística'),
(11, 'Orinoquia', 'Departamento de Lingüística'),
(9, 'Amazonia', 'Departamento de Ciencias Naturales'),
(12, 'Bogotá', 'Departamento de Ciencias Economías'),
(2, 'Palmira', 'Departamento de Ciencias Naturales'),
(8, 'Orinoquia', 'Departamento de Lingüística'),
(3, 'Caribe', 'Departamento de Ciencias Economías');

--
-- Inserting data into table programa
--
INSERT INTO Programa(id_programa, id_convocatoria, id_facultad_programa, nombre_programa, cupos_programa) VALUES
(1, 3, 10, 'Derecho', 5),
(2, 1, 2, 'Enfermería', 78),
(3, 30, 9, 'Lingüística', 66),
(4, 1, 8, 'Química', 77),
(5, 45, 3, 'Arquitectura', 55),
(6, 43, 7, 'Estadística', 72),
(7, 47, 13, 'Geografía', 23),
(8, 3, 10, 'Psicología', 52),
(9, 31, 4, 'Administración de Empresas', 24),
(10, 48, 12, 'Lingüística', 39),
(11, 17, 12, 'Biología', 53),
(12, 48, 4, 'Contaduría Pública', 50),
(13, 18, 9, 'Historia', 8),
(14, 46, 8, 'Ingeniería Industrial', 70),
(15, 6, 4, 'Psicología', 8),
(16, 15, 8, 'Química', 36),
(17, 4, 8, 'Historia', 36),
(18, 18, 7, 'Filosofía', 1),
(19, 14, 9, 'Medicina', 72),
(20, 47, 3, 'Filosofía', 42),
(21, 28, 6, 'Medicina', 34),
(22, 22, 8, 'Cine y TV', 23),
(23, 2, 8, 'Estadística', 42),
(24, 4, 11, 'Ingeniería Civil', 19),
(25, 49, 9, 'Comunicación Social', 67),
(26, 44, 5, 'Matemáticas', 64),
(27, 30, 8, 'Sociología', 46),
(28, 7, 9, 'Filosofía', 77),
(29, 46, 6, 'Ingeniería Mecánica', 46),
(30, 34, 7, 'Enfermería', 56),
(31, 44, 8, 'Matemáticas', 78),
(32, 49, 7, 'Artes Plásticas', 56),
(33, 1, 4, 'Música', 61),
(34, 2, 12, 'Ingeniería Agrícola', 56),
(35, 3, 2, 'Geografía', 8),
(36, 50, 5, 'Arquitectura', 22),
(37, 2, 3, 'Derecho', 18),
(38, 29, 3, 'Estadística', 36),
(39, 42, 5, 'Química', 78),
(40, 25, 13, 'Química', 16),
(41, 49, 9, 'Estadística', 33),
(42, 9, 2, 'Psicología', 32),
(43, 43, 5, 'Artes Plásticas', 42),
(44, 23, 4, 'Física', 0),
(45, 42, 9, 'Estadística', 4),
(46, 49, 5, 'Psicología', 62),
(47, 35, 5, 'Arquitectura', 41),
(48, 41, 8, 'Matemáticas', 8),
(49, 33, 10, 'Artes Plásticas', 23),
(50, 9, 8, 'Sociología', 41);

--
-- Inserting data into table programa_posgrado
--
INSERT INTO Programa_posgrado(id_programa_posgrado, id_convocatoria, id_facultad, nombre_programa_posgrado, cupos_programa_posgrado) VALUES
(1, 29, 1, 'Maestría en Ciencia y Tecnología de Alimentos', 3),
(2, 20, 4, 'Maestría en Sociología', 13),
(3, 18, 6, 'Maestría en Diseño', 18),
(4, 20, 5, 'Maestría en Arquitectura', 8),
(5, 49, 7, 'Maestría en Ciencias - Matemáticas', 14),
(6, 13, 9, 'Maestría en Ciencias - Matemáticas', 18),
(7, 42, 8, 'Maestría en Sociología', 20),
(8, 35, 3, 'Maestría en Ingeniería Ambiental', 1),
(9, 47, 2, 'Maestría en Derecho', 0),
(10, 44, 10, 'Maestría en Diseño', 20),
(11, 24, 2, 'Maestría en Economía', 19),
(12, 24, 8, 'Maestría en Sociología', 19),
(13, 37, 5, 'Maestría en Psicología', 0),
(14, 46, 9, 'Maestría en Ciencias - Física', 19),
(15, 7, 10, 'Maestría en Música', 5),
(16, 25, 11, 'Maestría en Estudios Políticos', 9),
(17, 45, 12, 'Maestría en Sociología', 20),
(18, 18, 6, 'Maestría en Diseño', 18),
(19, 25, 12, 'Maestría en Psicología', 18),
(20, 50, 6, 'Maestría en Derecho', 7),
(21, 13, 6, 'Maestría en Economía', 14),
(22, 31, 7, 'Maestría en Economía', 13),
(23, 46, 10, 'Maestría en Psicología', 9),
(24, 41, 8, 'Maestría en Sociología', 6),
(25, 5, 7, 'Maestría en Ciencias - Matemáticas', 20),
(26, 16, 8, 'Maestría en Música', 3),
(27, 16, 8, 'Maestría en Sociología', 5),
(28, 5, 10, 'Maestría en Psicología', 4),
(29, 7, 10, 'Maestría en Ciencia y Tecnología de Alimentos', 11),
(30, 33, 11, 'Maestría en Ciencias - Matemáticas', 16),
(31, 9, 9, 'Maestría en Economía', 10),
(32, 10, 9, 'Maestría en Ciencias - Física', 8),
(33, 8, 8, 'Maestría en Diseño', 20),
(34, 18, 12, 'Maestría en Arquitectura', 15),
(35, 8, 3, 'Maestría en Sociología', 18),
(36, 26, 7, 'Maestría en Ciencias - Física', 12),
(37, 37, 10, 'Maestría en Diseño', 17),
(38, 33, 2, 'Maestría en Arquitectura', 19),
(39, 3, 7, 'Maestría en Diseño', 12),
(40, 44, 8, 'Maestría en Estudios Políticos', 10),
(41, 36, 6, 'Maestría en Economía', 8),
(42, 10, 10, 'Maestría en Ciencia y Tecnología de Alimentos', 15),
(43, 31, 12, 'Maestría en Ciencias de la Computación', 6),
(44, 19, 7, 'Maestría en Ingeniería Biomédica', 2),
(45, 43, 6, 'Maestría en Ingeniería Biomédica', 11),
(46, 35, 5, 'Maestría en Economía', 15),
(47, 13, 7, 'Maestría en Ciencias de la Computación', 5),
(48, 23, 6, 'Maestría en Economía', 16),
(49, 26, 8, 'Maestría en Música', 17),
(50, 3, 7, 'Maestría en Diseño', 1);

--
-- Inserting data into table convocatoria_artes_plasticas
--
INSERT INTO Convocatoria_artes_plasticas(id_convocatoria, fecha_prueba_artes_plasticas, nota_pasar_prueba_artes_plasticas) VALUES
(44, '2017-04-12 09:14:18', 7),
(37, '2015-03-16 12:35:14', 27),
(17, '2023-01-10 11:43:52', 13),
(30, '2022-06-28 08:57:26', 41),
(11, '2022-11-25 08:14:26', 7),
(5, '2022-06-30 06:40:29', 35),
(27, '2015-01-01 00:09:27', 38),
(43, '2015-01-01 00:15:15', 20),
(48, '2023-02-06 02:41:24', 7),
(40, '2017-01-26 14:12:14', 30),
(23, '2022-05-03 19:26:43', 17),
(21, '2015-01-01 00:00:31', 3),
(38, '2016-04-24 20:01:48', 32),
(4, '2020-02-14 11:49:31', 38),
(29, '2015-01-01 00:00:14', 39),
(20, '2022-07-03 23:33:16', 27),
(22, '2015-08-26 07:49:34', 12),
(16, '2017-01-02 15:15:49', 29),
(46, '2015-01-01 00:00:06', 49),
(15, '2019-01-23 16:01:02', 36),
(34, '2015-01-01 02:16:16', 43),
(36, '2015-01-01 00:57:14', 50),
(39, '2023-03-10 11:20:38', 29),
(25, '2015-01-01 00:10:47', 5),
(47, '2023-05-27 21:41:55', 20),
(24, '2016-03-26 01:28:29', 40),
(26, '2018-08-13 12:39:26', 5),
(50, '2016-04-20 02:26:59', 41),
(41, '2016-05-14 00:43:52', 37),
(3, '2017-04-16 01:42:29', 41),
(6, '2022-09-05 14:05:42', 14),
(42, '2015-01-01 00:10:23', 18),
(45, '2022-07-31 22:29:12', 12),
(31, '2023-04-25 00:44:37', 44),
(49, '2016-10-21 14:11:13', 46),
(28, '2015-01-01 00:00:05', 6),
(19, '2016-01-23 09:40:09', 38),
(32, '2015-01-01 00:01:38', 6),
(35, '2022-07-28 01:04:21', 36),
(8, '2017-09-27 07:06:00', 9),
(10, '2015-01-01 00:00:58', 23),
(9, '2015-01-01 00:51:28', 41),
(33, '2015-01-01 00:00:54', 12),
(14, '2015-01-01 00:06:23', 33),
(12, '2015-01-01 00:04:04', 40),
(13, '2017-04-15 19:47:54', 40),
(1, '2017-02-17 19:04:28', 5),
(18, '2016-05-11 04:34:47', 10),
(7, '2020-03-03 02:24:22', 39),
(2, '2020-12-17 16:06:34', 29);

--
-- Inserting data into table convocatoria_cine_y_television
--
INSERT INTO Convocatoria_cine_y_television(id_convocatoria, fecha_prueba_cine_y_television, nota_pasar_prueba_cine_y_television) VALUES
(20, '2018-07-07 23:49:03', 31),
(44, '2018-05-05 12:10:03', 50),
(29, '2015-01-01 01:08:43', 3),
(8, '2015-01-01 00:01:08', 5),
(45, '2016-05-24 09:40:18', 45),
(31, '2019-03-24 22:12:00', 44),
(35, '2015-11-19 09:36:57', 31),
(24, '2021-11-01 23:32:56', 28),
(12, '2022-06-26 15:41:53', 40),
(1, '2022-12-10 10:43:21', 11),
(18, '2019-12-21 19:14:35', 45),
(10, '2015-01-01 00:10:13', 44),
(17, '2018-06-26 13:21:37', 14),
(16, '2023-05-17 03:28:19', 14),
(30, '2020-01-19 23:06:03', 4),
(43, '2015-01-01 00:00:01', 0),
(9, '2020-05-08 08:08:51', 28),
(15, '2021-10-21 23:27:50', 12),
(48, '2019-05-31 21:35:25', 40),
(6, '2023-05-24 18:31:03', 17),
(23, '2021-11-18 12:05:03', 8),
(42, '2022-04-07 23:02:19', 22),
(14, '2015-01-01 00:00:09', 34),
(22, '2016-08-02 14:40:20', 5),
(28, '2020-05-27 13:37:48', 33),
(34, '2015-05-28 14:37:03', 48),
(38, '2015-01-01 00:01:05', 12),
(39, '2015-01-01 00:00:03', 26),
(13, '2015-01-01 01:45:10', 11),
(7, '2018-09-23 04:16:26', 37),
(2, '2015-01-01 00:01:38', 40),
(40, '2023-02-05 04:44:12', 1),
(46, '2022-08-01 17:33:53', 14),
(33, '2018-04-03 12:56:04', 45),
(25, '2017-11-30 18:45:17', 9),
(47, '2022-11-29 23:57:37', 42),
(27, '2019-11-26 23:30:59', 41),
(4, '2015-01-01 01:57:04', 14),
(36, '2021-07-10 05:43:38', 9),
(50, '2015-01-01 00:36:44', 45),
(41, '2018-05-29 05:38:57', 11),
(26, '2015-01-01 00:00:07', 1),
(37, '2017-05-10 01:35:00', 20),
(49, '2015-01-01 00:09:35', 34),
(3, '2015-01-01 00:00:05', 17),
(19, '2015-01-01 00:00:41', 37),
(32, '2015-03-29 18:59:25', 26),
(11, '2020-06-01 11:11:43', 1),
(5, '2018-02-28 22:47:12', 29),
(21, '2017-09-17 16:42:18', 13);

--
-- Inserting data into table convocatoria_musica
--
INSERT INTO Convocatoria_musica(id_convocatoria, nota_pasar_prueba_1, nota_pasar_prueba_2, nota_pasar_prueba_3) VALUES
(3, 30, 29, 1),
(8, 16, 45, 20),
(12, 0, 20, 27),
(1, 18, 27, 3),
(28, 7, 41, 48),
(43, 4, 41, 0),
(19, 25, 15, 19),
(33, 3, 44, 0),
(47, 41, 44, 37),
(35, 12, 42, 49),
(10, 20, 9, 49),
(23, 30, 3, 32),
(50, 14, 23, 47),
(18, 3, 5, 44),
(44, 3, 5, 1),
(9, 49, 39, 20),
(38, 34, 3, 11),
(29, 27, 32, 23),
(24, 47, 33, 50),
(37, 47, 28, 7),
(11, 50, 25, 16),
(5, 1, 21, 18),
(45, 30, 32, 17),
(31, 31, 38, 16),
(14, 36, 46, 17),
(13, 46, 43, 48),
(7, 37, 27, 48),
(17, 42, 46, 0),
(30, 40, 49, 16),
(48, 20, 47, 20),
(27, 28, 14, 22),
(21, 34, 40, 34),
(2, 40, 39, 33),
(20, 30, 19, 25),
(16, 35, 36, 41),
(22, 36, 46, 9),
(4, 31, 15, 38),
(15, 5, 3, 29),
(6, 48, 47, 42),
(34, 32, 41, 40),
(39, 30, 35, 19),
(36, 45, 35, 20),
(42, 31, 22, 3),
(41, 49, 10, 8),
(40, 7, 4, 22),
(25, 19, 38, 19),
(46, 3, 48, 40),
(26, 0, 41, 26),
(49, 31, 39, 16),
(32, 37, 18, 41);

--
-- Inserting data into table convocatoria_programa_posgrado
--
INSERT INTO Convocatoria_programa_posgrado(id_prueba_posgrado, id_programa_posgrado, id_convocatoria, nota_pasar_prueba_1_programa_posgrado, nota_pasar_prueba_final_programa_posgrado, fecha_y_hora_prueba_1_programa_posgrado, fecha_y_hora_prueba_final_posgrado) VALUES
(1, 33, 3, 50, 27, '2021-08-21 04:30:14', '2015-01-01 01:51:14'),
(2, 18, 7, 35, 48, '2016-02-22 01:38:43', '2015-01-01 00:00:18'),
(3, 40, 37, 46, 25, '2017-06-30 18:30:09', '2023-03-12 11:34:12'),
(4, 15, 43, 1, 24, '2021-10-20 19:37:39', '2022-09-01 15:34:33'),
(5, 28, 39, 1, 10, '2018-05-21 07:35:42', '2018-06-13 01:09:31'),
(6, 6, 49, 26, 16, '2015-01-01 00:42:09', '2019-03-21 11:32:39'),
(7, 39, 3, 5, 28, '2020-08-28 19:50:38', '2015-01-01 00:00:44'),
(8, 27, 31, 37, 26, '2022-07-30 05:10:36', '2018-11-30 00:45:03'),
(9, 49, 8, 38, 17, '2016-09-28 22:55:06', '2017-03-26 00:46:07'),
(10, 37, 20, 36, 50, '2019-12-06 11:07:19', '2023-04-04 12:43:41'),
(11, 20, 28, 13, 7, '2015-01-01 00:00:05', '2015-01-01 00:06:24'),
(12, 3, 31, 15, 43, '2022-11-09 14:28:47', '2015-01-01 00:07:38'),
(13, 7, 29, 13, 33, '2020-01-28 04:47:36', '2020-04-21 06:38:37'),
(14, 38, 7, 26, 8, '2020-08-27 18:49:45', '2015-01-01 00:07:56'),
(15, 41, 13, 37, 34, '2015-01-01 00:03:03', '2017-05-27 21:02:55'),
(16, 13, 36, 34, 39, '2022-08-04 17:02:46', '2021-06-14 15:15:45'),
(17, 15, 24, 30, 0, '2015-01-01 00:09:26', '2020-02-06 23:32:54'),
(18, 24, 37, 49, 35, '2022-02-01 03:41:47', '2021-02-04 06:28:36'),
(19, 28, 8, 10, 31, '2018-08-26 08:08:09', '2016-11-27 19:29:47'),
(20, 18, 36, 29, 15, '2015-01-01 00:49:10', '2017-05-06 09:52:34'),
(21, 6, 13, 45, 36, '2019-03-15 05:57:48', '2015-01-01 00:00:05'),
(22, 16, 27, 50, 40, '2015-01-01 00:00:10', '2015-01-01 00:09:46'),
(23, 31, 46, 27, 8, '2015-01-01 00:00:24', '2015-01-01 00:00:09'),
(24, 20, 46, 8, 46, '2020-09-01 15:10:14', '2022-12-17 07:49:51'),
(25, 29, 40, 14, 29, '2018-08-24 04:05:55', '2015-01-01 00:15:51'),
(26, 47, 22, 47, 11, '2021-01-10 13:15:14', '2021-01-18 01:49:26'),
(27, 17, 42, 29, 20, '2016-07-20 17:16:03', '2017-03-07 18:22:54'),
(28, 42, 21, 9, 3, '2017-03-14 12:52:35', '2018-01-13 03:51:42'),
(29, 1, 37, 47, 16, '2018-12-25 08:37:03', '2015-01-01 00:00:09'),
(30, 37, 39, 20, 1, '2015-01-01 00:01:22', '2016-06-05 20:29:20'),
(31, 19, 40, 9, 45, '2018-10-03 14:37:40', '2019-07-28 17:50:17'),
(32, 6, 11, 45, 42, '2015-01-01 00:10:28', '2015-01-01 00:01:33'),
(33, 27, 25, 6, 24, '2021-10-21 04:52:28', '2022-06-21 20:22:12'),
(34, 36, 21, 19, 17, '2015-01-01 01:48:41', '2016-01-06 02:51:17'),
(35, 21, 18, 5, 27, '2021-10-13 15:59:50', '2016-12-25 14:54:58'),
(36, 46, 12, 14, 48, '2021-12-21 09:33:40', '2015-01-01 00:01:36'),
(37, 21, 12, 29, 11, '2018-04-02 12:05:51', '2022-06-13 20:26:07'),
(38, 35, 31, 25, 42, '2023-02-21 17:49:02', '2016-10-16 23:03:40'),
(39, 40, 46, 38, 18, '2017-02-11 21:04:16', '2015-01-01 00:01:07'),
(40, 1, 20, 5, 8, '2017-03-21 09:18:52', '2020-04-03 07:50:47'),
(41, 24, 16, 13, 50, '2015-01-01 00:12:49', '2015-01-01 00:00:19'),
(42, 17, 5, 15, 4, '2019-07-08 02:57:59', '2021-12-21 07:53:24'),
(43, 36, 37, 37, 31, '2015-07-21 12:13:19', '2015-01-01 00:10:07'),
(44, 25, 49, 5, 1, '2018-02-07 02:19:28', '2018-01-02 22:55:52'),
(45, 11, 36, 11, 9, '2015-01-01 00:08:18', '2021-07-27 17:39:29'),
(46, 35, 13, 5, 6, '2016-04-18 19:19:17', '2018-11-25 07:04:28'),
(47, 44, 30, 43, 46, '2015-01-01 00:01:34', '2017-03-22 12:53:43'),
(48, 50, 10, 27, 6, '2015-01-01 01:08:03', '2018-08-26 13:22:56'),
(49, 43, 40, 39, 4, '2015-01-01 02:12:08', '2019-11-23 18:02:10'),
(50, 36, 12, 4, 44, '2021-04-28 17:18:27', '2015-09-11 17:08:11');

--
-- Inserting data into table `solicitud_admision _posgrado`
--
INSERT INTO `Solicitud_admision _posgrado`(id_solicitud_admision_posgrado, id_convocatoria, id_aspirante, nombre_sede, id_programa_posgrado) VALUES
(1, 15, 27, 'Bogotá', 16),
(2, 31, 13, 'De La Paz', 18),
(3, 18, 50, 'De La Paz', 33),
(4, 33, 2, 'Amazonia', 23),
(5, 31, 20, 'Medellín', 45),
(6, 12, 16, 'Manizales', 44),
(7, 1, 7, 'Medellín', 31),
(8, 19, 30, 'Medellín', 6),
(9, 16, 18, 'Amazonia', 50),
(10, 36, 11, 'De La Paz', 12),
(11, 25, 10, 'Bogotá', 4),
(12, 15, 17, 'Medellín', 13),
(13, 15, 9, 'Bogotá', 1),
(14, 26, 27, 'Tumaco', 16),
(15, 47, 48, 'Palmira', 3),
(16, 17, 2, 'Medellín', 43),
(17, 25, 38, 'Orinoquia', 10),
(18, 25, 24, 'De La Paz', 38),
(19, 34, 33, 'Manizales', 46),
(20, 42, 9, 'Orinoquia', 14),
(21, 8, 22, 'Bogotá', 33),
(22, 46, 45, 'Medellín', 43),
(23, 4, 22, 'Orinoquia', 46),
(24, 23, 13, 'Amazonia', 12),
(25, 21, 43, 'Caribe', 48),
(26, 4, 9, 'Manizales', 13),
(27, 36, 44, 'Amazonia', 29),
(28, 28, 10, 'De La Paz', 37),
(29, 37, 5, 'Amazonia', 1),
(30, 12, 23, 'Medellín', 14),
(31, 33, 5, 'De La Paz', 7),
(32, 24, 46, 'Palmira', 29),
(33, 21, 38, 'Bogotá', 30),
(34, 42, 18, 'Palmira', 4),
(35, 5, 6, 'Orinoquia', 11),
(36, 18, 40, 'Tumaco', 6),
(37, 36, 31, 'Amazonia', 38),
(38, 25, 6, 'Tumaco', 27),
(39, 35, 17, 'Amazonia', 25),
(40, 30, 12, 'Manizales', 1),
(41, 26, 12, 'Medellín', 30),
(42, 2, 33, 'Manizales', 29),
(43, 17, 6, 'Caribe', 13),
(44, 2, 24, 'Orinoquia', 34),
(45, 2, 21, 'De La Paz', 36),
(46, 11, 32, 'Orinoquia', 50),
(47, 21, 43, 'Palmira', 46),
(48, 7, 47, 'De La Paz', 9),
(49, 3, 33, 'Orinoquia', 45),
(50, 37, 37, 'Caribe', 40);

--
-- Inserting data into table solicitud_admision_pregrado
--
INSERT INTO Solicitud_admision_pregrado(id_solicitud_admision_pregrado, id_convocatoria, id_aspirante, presenta_examen_musica, presenta_examen_cine_y_television, presenta_examen_artes_plasticas, presenta_simulacro_extrajero, nombre_sede, id_programa, id_programa_secundario) VALUES
(1, 47, 37, 'si', 'si', 'no', 'no', 'Palmira', 14, 36),
(2, 45, 32, 'si', 'no', 'no', 'si', 'Orinoquia', 48, 19),
(3, 6, 14, 'si', 'si', 'no', 'si', 'De La Paz', 18, 4),
(4, 35, 15, 'si', 'no', 'no', 'no', 'De La Paz', 13, 34),
(5, 48, 28, 'no', 'no', 'no', 'no', 'Bogotá', 25, 15),
(6, 35, 37, 'no', 'si', 'si', 'no', 'Medellín', 45, 3),
(7, 44, 25, 'no', 'no', 'no', 'no', 'Palmira', 3, 22),
(8, 38, 19, 'no', 'no', 'no', 'si', 'Medellín', 25, 28),
(9, 45, 22, 'si', 'no', 'no', 'si', 'Amazonia', 36, 39),
(10, 39, 31, 'no', 'no', 'no', 'no', 'De La Paz', 16, 13),
(11, 22, 37, 'si', 'no', 'no', 'no', 'Palmira', 50, 39),
(12, 18, 47, 'si', 'no', 'no', 'si', 'Manizales', 6, 25),
(13, 13, 25, 'si', 'si', 'no', 'si', 'Medellín', 1, 42),
(14, 21, 50, 'no', 'no', 'si', 'si', 'Medellín', 41, 21),
(15, 9, 50, 'no', 'si', 'si', 'si', 'Amazonia', 24, 37),
(16, 12, 41, 'no', 'no', 'no', 'no', 'Palmira', 25, 31),
(17, 6, 4, 'si', 'si', 'no', 'si', 'De La Paz', 3, 25),
(18, 27, 18, 'no', 'no', 'no', 'si', 'Caribe', 22, 10),
(19, 29, 4, 'si', 'no', 'si', 'no', 'Orinoquia', 5, 46),
(20, 48, 19, 'no', 'no', 'no', 'si', 'Medellín', 43, 5),
(21, 7, 39, 'no', 'si', 'si', 'no', 'Palmira', 44, 28),
(22, 42, 49, 'no', 'no', 'si', 'no', 'Amazonia', 28, 36),
(23, 46, 9, 'no', 'si', 'no', 'si', 'Manizales', 50, 10),
(24, 14, 44, 'si', 'no', 'no', 'si', 'Caribe', 16, 31),
(25, 37, 11, 'no', 'si', 'no', 'si', 'Orinoquia', 18, 42),
(26, 7, 34, 'si', 'si', 'no', 'si', 'Orinoquia', 30, 47),
(27, 15, 47, 'no', 'no', 'no', 'si', 'Caribe', 47, 28),
(28, 46, 17, 'no', 'no', 'si', 'si', 'Palmira', 2, 25),
(29, 22, 49, 'si', 'no', 'no', 'si', 'Caribe', 27, 3),
(30, 20, 31, 'no', 'si', 'si', 'no', 'Caribe', 48, 50),
(31, 40, 44, 'no', 'si', 'no', 'si', 'Manizales', 36, 10),
(32, 43, 29, 'no', 'no', 'no', 'si', 'Bogotá', 25, 45),
(33, 40, 43, 'no', 'si', 'si', 'no', 'Palmira', 43, 32),
(34, 13, 3, 'no', 'si', 'no', 'si', 'Medellín', 12, 27),
(35, 4, 42, 'no', 'no', 'no', 'no', 'De La Paz', 19, 37),
(36, 11, 25, 'no', 'no', 'no', 'no', 'Bogotá', 17, 50),
(37, 25, 24, 'si', 'si', 'si', 'no', 'Caribe', 17, 29),
(38, 24, 42, 'si', 'si', 'no', 'si', 'Amazonia', 21, 41),
(39, 33, 18, 'si', 'no', 'si', 'no', 'Palmira', 2, 37),
(40, 43, 21, 'si', 'no', 'no', 'no', 'Caribe', 8, 43),
(41, 23, 26, 'si', 'si', 'si', 'si', 'Caribe', 26, 1),
(42, 47, 25, 'no', 'no', 'no', 'si', 'Palmira', 46, 11),
(43, 13, 1002459526, 'si', 'no', 'no', 'si', 'Amazonia', 2, 15),
(44, 44, 17, 'si', 'no', 'si', 'si', 'Tumaco', 28, 13),
(45, 47, 41, 'si', 'no', 'si', 'si', 'Palmira', 40, 6),
(46, 20, 29, 'si', 'no', 'si', 'no', 'Amazonia', 9, 19),
(47, 13, 33, 'no', 'no', 'no', 'no', 'Caribe', 44, 18),
(48, 33, 38, 'si', 'no', 'si', 'si', 'Palmira', 50, 24),
(49, 10, 4, 'si', 'si', 'no', 'no', 'Orinoquia', 39, 29),
(50, 5, 42, 'si', 'si', 'no', 'no', 'Bogotá', 27, 34);

--
-- Inserting data into table inscripcion_programa_posgrado
--
INSERT INTO Inscripcion_programa_posgrado(id_inscripcion_programa_posgrado, id_convocatoria, id_solicitud_admision_posgrado) VALUES
(1, 9, 22),
(2, 14, 44),
(3, 17, 25),
(4, 46, 22),
(5, 48, 46),
(6, 33, 7),
(7, 10, 29),
(8, 2, 47),
(9, 12, 8),
(10, 39, 42),
(11, 28, 20),
(12, 27, 7),
(13, 16, 44),
(14, 4, 46),
(15, 49, 13),
(16, 31, 20),
(17, 44, 46),
(18, 27, 12),
(19, 34, 46),
(20, 32, 31),
(21, 36, 43),
(22, 20, 37),
(23, 7, 37),
(24, 34, 23),
(25, 2, 31),
(26, 11, 10),
(27, 3, 9),
(28, 26, 32),
(29, 42, 15),
(30, 20, 37),
(31, 45, 7),
(32, 8, 32),
(33, 24, 19),
(34, 40, 24),
(35, 28, 37),
(36, 32, 8),
(37, 9, 1),
(38, 9, 47),
(39, 35, 17),
(40, 32, 34),
(41, 25, 15),
(42, 17, 5),
(43, 20, 1),
(44, 44, 50),
(45, 19, 23),
(46, 21, 12),
(47, 27, 39),
(48, 13, 40),
(49, 40, 3),
(50, 29, 20);

--
-- Inserting data into table inscripcion_programa_pregrado
--
INSERT INTO Inscripcion_programa_pregrado(id_inscripcion_programa_pregrado, id_convocatoria, id_solicitud_admision, id_programa) VALUES
(1, 5, 5, 27),
(2, 7, 16, 39),
(3, 16, 14, 6),
(4, 48, 18, 9),
(5, 28, 31, 36),
(6, 41, 20, 32),
(7, 47, 23, 26),
(8, 41, 39, 40),
(9, 23, 28, 25),
(10, 27, 17, 5),
(11, 35, 13, 18),
(12, 41, 47, 35),
(13, 2, 46, 21),
(14, 18, 35, 3),
(15, 25, 36, 4),
(16, 22, 36, 44),
(17, 41, 36, 36),
(18, 21, 32, 42),
(19, 40, 43, 39),
(20, 5, 11, 29),
(21, 38, 10, 44),
(22, 11, 35, 13),
(23, 46, 41, 31),
(24, 32, 7, 32),
(25, 3, 45, 2),
(26, 9, 33, 5),
(27, 5, 49, 42),
(28, 23, 15, 40),
(29, 32, 9, 20),
(30, 31, 50, 10),
(31, 9, 46, 18),
(32, 5, 20, 27),
(33, 18, 37, 4),
(34, 23, 19, 18),
(35, 41, 4, 47),
(36, 24, 22, 36),
(37, 27, 26, 31),
(38, 9, 6, 10),
(39, 32, 21, 2),
(40, 33, 37, 43),
(41, 29, 7, 48),
(42, 35, 39, 20),
(43, 43, 14, 27),
(44, 3, 8, 10),
(45, 37, 8, 1),
(46, 46, 16, 20),
(47, 36, 46, 6),
(48, 27, 1, 30),
(49, 28, 34, 12),
(50, 36, 23, 2);

--
-- Inserting data into table prueba_admision_pregrado
--
INSERT INTO Prueba_admision_pregrado(id_prueba_admision_pregrado, id_solicitud_admision_pregrado, id_convocatoria, id_lugar_prueba, descripcion_especifica_lugar_prueba, Resultado_prueba_pregrado, Admitido) VALUES
(1, 3, 1, 13, 'Avenida Principal, Ciudad Universitaria.', 660, 'Si'),
(2, 18, 9, 7, 'Carretera Costera, Frente a la Playa.', 560, 'Si'),
(3, 1, 46, 3, 'Carretera Costera, Frente a la Playa.', 633, 'No'),
(4, 40, 26, 7, 'Carretera Costera, Frente a la Playa.', 759, 'Si'),
(5, 41, 14, 4, 'Calle del Evento, Centro de la Ciudad', 714, 'No'),
(6, 34, 21, 13, 'Avenida Principal, Ciudad Universitaria.', 506, 'Si'),
(7, 43, 13, 4, 'Calle de la Educación, Barrio Residencial.', 750, 'Si'),
(8, 15, 46, 8, 'Calle del Evento, Centro de la Ciudad', 525, 'Si'),
(9, 23, 8, 12, 'Avenida Tecnológica, Zona Industrial.', 729, 'Si'),
(10, 27, 42, 9, 'Calle del Evento, Centro de la Ciudad', 536, 'Si'),
(11, 3, 35, 11, 'Avenida Tecnológica, Zona Industrial.', 592, 'No'),
(12, 28, 28, 2, 'Carretera Costera, Frente a la Playa.', 799, 'Si'),
(13, 36, 12, 10, 'Avenida Tecnológica, Zona Industrial.', 685, 'Si'),
(14, 50, 33, 11, 'Avenida Principal, Ciudad Universitaria.', 651, 'No'),
(15, 14, 24, 11, 'Avenida Tecnológica, Zona Industrial.', 577, 'Si'),
(16, 24, 41, 7, 'Calle del Evento, Centro de la Ciudad', 582, 'Si'),
(17, 31, 26, 8, 'Calle del Evento, Centro de la Ciudad', 773, 'Si'),
(18, 36, 40, 6, 'Avenida Principal, Ciudad Universitaria.', 535, 'Si'),
(19, 35, 10, 10, 'Avenida Tecnológica, Zona Industrial.', 610, 'Si'),
(20, 10, 7, 13, 'Avenida Tecnológica, Zona Industrial.', 681, 'Si'),
(21, 32, 13, 7, 'Carretera Costera, Frente a la Playa.', 580, 'No'),
(22, 5, 2, 6, 'Avenida Tecnológica, Zona Industrial.', 745, 'Si'),
(23, 2, 1, 4, 'Calle de la Educación, Barrio Residencial.', 766, 'Si'),
(24, 3, 22, 8, 'Calle del Evento, Centro de la Ciudad', 729, 'Si'),
(25, 23, 39, 9, 'Calle del Evento, Centro de la Ciudad', 658, 'Si'),
(26, 2, 29, 13, 'Avenida Principal, Ciudad Universitaria.', 520, 'Si'),
(27, 33, 8, 6, 'Calle del Evento, Centro de la Ciudad', 768, 'No'),
(28, 11, 50, 5, 'Carretera Costera, Frente a la Playa.', 628, 'No'),
(29, 39, 46, 11, 'Calle de la Educación, Barrio Residencial.', 512, 'No'),
(30, 21, 33, 9, 'Calle del Evento, Centro de la Ciudad', 566, 'Si'),
(31, 45, 14, 5, 'Avenida Tecnológica, Zona Industrial.', 696, 'No'),
(32, 12, 33, 4, 'Carretera Costera, Frente a la Playa.', 537, 'Si'),
(33, 17, 1, 13, 'Avenida Tecnológica, Zona Industrial.', 658, 'Si'),
(34, 30, 41, 11, 'Avenida Tecnológica, Zona Industrial.', 593, 'No'),
(35, 25, 19, 11, 'Avenida Principal, Ciudad Universitaria.', 510, 'Si'),
(36, 7, 19, 4, 'Calle del Evento, Centro de la Ciudad', 553, 'Si'),
(37, 37, 18, 6, 'Avenida Principal, Ciudad Universitaria.', 548, 'Si'),
(38, 23, 50, 3, 'Carretera Costera, Frente a la Playa.', 712, 'No'),
(39, 29, 6, 6, 'Calle de la Educación, Barrio Residencial.', 678, 'Si'),
(40, 49, 25, 6, 'Avenida Principal, Ciudad Universitaria.', 560, 'Si'),
(41, 13, 38, 2, 'Calle del Evento, Centro de la Ciudad', 570, 'Si'),
(42, 37, 45, 7, 'Avenida Principal, Ciudad Universitaria.', 592, 'No'),
(43, 14, 21, 13, 'Avenida Tecnológica, Zona Industrial.', 687, 'Si'),
(44, 46, 19, 10, 'Carretera Costera, Frente a la Playa.', 534, 'No'),
(45, 35, 14, 4, 'Avenida Principal, Ciudad Universitaria.', 687, 'Si'),
(46, 4, 1, 2, 'Calle del Evento, Centro de la Ciudad', 738, 'Si'),
(47, 8, 33, 6, 'Calle del Evento, Centro de la Ciudad', 517, 'Si'),
(48, 9, 5, 4, 'Avenida Principal, Ciudad Universitaria.', 637, 'No'),
(49, 7, 47, 10, 'Calle de la Educación, Barrio Residencial.', 743, 'No'),
(50, 41, 28, 12, 'Calle de la Educación, Barrio Residencial.', 731, 'No');

--
-- Inserting data into table prueba_artes_plasticas
--
INSERT INTO Prueba_artes_plasticas(id_prueba_artes_plasticas, id_convocatoria, id_solicitud_admision, id_lugar_prueba, descripcion_especifica_lugar_prueba, resultado_prueba_artes_plasticas) VALUES
(1, 38, 31, 14, 'Avenida Tecnológica, Zona Industrial.', 3),
(2, 46, 6, 9, 'Avenida Tecnológica, Zona Industrial.', 8),
(3, 23, 24, 8, 'Avenida Tecnológica, Zona Industrial.', 35),
(4, 22, 32, 9, 'Avenida Tecnológica, Zona Industrial.', 41),
(5, 28, 49, 10, 'Calle del Evento, Centro de la Ciudad', 28),
(6, 39, 31, 13, 'Avenida Tecnológica, Zona Industrial.', 23),
(7, 35, 38, 7, 'Calle del Evento, Centro de la Ciudad', 4),
(8, 14, 15, 10, 'Avenida Tecnológica, Zona Industrial.', NULL),
(9, 10, 34, 5, 'Avenida Tecnológica, Zona Industrial.', 16),
(10, 5, 25, 5, 'Calle de la Educación, Barrio Residencial.', 32),
(11, 42, 7, 7, 'Calle del Evento, Centro de la Ciudad', 0),
(12, 34, 24, 11, 'Calle de la Educación, Barrio Residencial.', 0),
(13, 20, 35, 4, 'Avenida Principal, Ciudad Universitaria.', 2),
(14, 7, 31, 7, 'Calle de la Educación, Barrio Residencial.', 0),
(15, 30, 44, 7, 'Calle del Evento, Centro de la Ciudad', 9),
(16, 48, 19, 10, 'Carretera Costera, Frente a la Playa.', NULL),
(17, 7, 31, 7, 'Carretera Costera, Frente a la Playa.', 45),
(18, 15, 6, 2, 'Calle del Evento, Centro de la Ciudad', 2),
(19, 19, 10, 9, 'Calle del Evento, Centro de la Ciudad', 30),
(20, 26, 25, 2, 'Carretera Costera, Frente a la Playa.', 9),
(21, 40, 7, 6, 'Calle de la Educación, Barrio Residencial.', 24),
(22, 41, 28, 3, 'Calle de la Educación, Barrio Residencial.', 2),
(23, 36, 29, 12, 'Avenida Tecnológica, Zona Industrial.', 38),
(24, 10, 38, 6, 'Avenida Tecnológica, Zona Industrial.', 2),
(25, 15, 43, 13, 'Avenida Tecnológica, Zona Industrial.', 38),
(26, 27, 43, 11, 'Calle de la Educación, Barrio Residencial.', 16),
(27, 32, 33, 3, 'Calle del Evento, Centro de la Ciudad', 40),
(28, 9, 27, 4, 'Carretera Costera, Frente a la Playa.', 42),
(29, 27, 14, 5, 'Calle de la Educación, Barrio Residencial.', 3),
(30, 34, 19, 10, 'Avenida Principal, Ciudad Universitaria.', 32),
(31, 1, 41, 3, 'Calle del Evento, Centro de la Ciudad', 15),
(32, 14, 42, 7, 'Avenida Tecnológica, Zona Industrial.', 30),
(33, 6, 30, 5, 'Carretera Costera, Frente a la Playa.', 33),
(34, 24, 43, 10, 'Avenida Tecnológica, Zona Industrial.', 13),
(35, 24, 11, 12, 'Avenida Tecnológica, Zona Industrial.', 34),
(36, 50, 33, 1, 'Calle del Evento, Centro de la Ciudad', 34),
(37, 17, 44, 9, 'Avenida Principal, Ciudad Universitaria.', 10),
(38, 22, 15, 2, 'Carretera Costera, Frente a la Playa.', 8),
(39, 31, 17, 9, 'Carretera Costera, Frente a la Playa.', NULL),
(40, 42, 1, 11, 'Carretera Costera, Frente a la Playa.', 38),
(41, 24, 37, 9, 'Carretera Costera, Frente a la Playa.', 22),
(42, 13, 27, 10, 'Avenida Tecnológica, Zona Industrial.', 8),
(43, 40, 33, 7, 'Calle del Evento, Centro de la Ciudad', NULL),
(44, 48, 41, 13, 'Avenida Principal, Ciudad Universitaria.', 4),
(45, 38, 7, 3, 'Calle de la Educación, Barrio Residencial.', 34),
(46, 36, 35, 8, 'Avenida Tecnológica, Zona Industrial.', 42),
(47, 36, 36, 5, 'Avenida Tecnológica, Zona Industrial.', 40),
(48, 13, 9, 4, 'Calle de la Educación, Barrio Residencial.', NULL),
(49, 29, 11, 4, 'Carretera Costera, Frente a la Playa.', 25),
(50, 26, 43, 13, 'Avenida Principal, Ciudad Universitaria.', 13);

--
-- Inserting data into table prueba_cine_y_television
--
INSERT INTO Prueba_cine_y_television(id_prueba_cine_y_television, id_convocatoria, id_solicitud_admision, resultado_prueba_cine_y_television, id_lugar_prueba, descripcion_especifica_lugar_prueba) VALUES
(1, 45, 27, 23, 11, 'Avenida Principal, Ciudad Universitaria.'),
(2, 37, 36, 26, 11, 'Avenida Tecnológica, Zona Industrial.'),
(3, 4, 2, 24, 5, 'Avenida Tecnológica, Zona Industrial.'),
(4, 30, 38, 22, 8, 'Avenida Principal, Ciudad Universitaria.'),
(5, 31, 2, 19, 12, 'Avenida Tecnológica, Zona Industrial.'),
(6, 7, 22, 24, 11, 'Avenida Principal, Ciudad Universitaria.'),
(7, 9, 8, 25, 10, 'Calle de la Educación, Barrio Residencial.'),
(8, 16, 9, 5, 7, 'Calle de la Educación, Barrio Residencial.'),
(9, 27, 20, 8, 6, 'Calle de la Educación, Barrio Residencial.'),
(10, 42, 25, 19, 8, 'Calle del Evento, Centro de la Ciudad'),
(11, 38, 41, 22, 13, 'Avenida Principal, Ciudad Universitaria.'),
(12, 48, 13, 46, 9, 'Carretera Costera, Frente a la Playa.'),
(13, 21, 43, 7, 3, 'Calle del Evento, Centro de la Ciudad'),
(14, 39, 23, 37, 4, 'Calle de la Educación, Barrio Residencial.'),
(15, 16, 32, 28, 6, 'Calle de la Educación, Barrio Residencial.'),
(16, 27, 33, 21, 8, 'Avenida Principal, Ciudad Universitaria.'),
(17, 40, 42, 0, 9, 'Carretera Costera, Frente a la Playa.'),
(18, 24, 20, 17, 9, 'Calle del Evento, Centro de la Ciudad'),
(19, 2, 9, 32, 3, 'Calle de la Educación, Barrio Residencial.'),
(20, 20, 34, 38, 4, 'Carretera Costera, Frente a la Playa.'),
(21, 37, 41, 36, 14, 'Avenida Tecnológica, Zona Industrial.'),
(22, 6, 44, 22, 3, 'Carretera Costera, Frente a la Playa.'),
(23, 21, 3, 7, 11, 'Carretera Costera, Frente a la Playa.'),
(24, 18, 38, 11, 9, 'Avenida Principal, Ciudad Universitaria.'),
(25, 4, 50, 21, 6, 'Avenida Tecnológica, Zona Industrial.'),
(26, 7, 8, 40, 9, 'Calle del Evento, Centro de la Ciudad'),
(27, 42, 15, 6, 4, 'Calle del Evento, Centro de la Ciudad'),
(28, 37, 10, 22, 2, 'Carretera Costera, Frente a la Playa.'),
(29, 28, 33, 49, 13, 'Avenida Principal, Ciudad Universitaria.'),
(30, 3, 25, 30, 3, 'Calle del Evento, Centro de la Ciudad'),
(31, 16, 10, 24, 5, 'Avenida Principal, Ciudad Universitaria.'),
(32, 27, 19, 23, 7, 'Avenida Tecnológica, Zona Industrial.'),
(33, 20, 2, 26, 6, 'Calle del Evento, Centro de la Ciudad'),
(34, 23, 38, 20, 10, 'Calle de la Educación, Barrio Residencial.'),
(35, 43, 17, 48, 12, 'Avenida Tecnológica, Zona Industrial.'),
(36, 35, 24, 4, 11, 'Avenida Principal, Ciudad Universitaria.'),
(37, 49, 48, 28, 4, 'Calle de la Educación, Barrio Residencial.'),
(38, 36, 3, 33, 6, 'Calle del Evento, Centro de la Ciudad'),
(39, 3, 42, 14, 6, 'Calle de la Educación, Barrio Residencial.'),
(40, 43, 37, 35, 10, 'Carretera Costera, Frente a la Playa.'),
(41, 44, 9, 2, 6, 'Avenida Principal, Ciudad Universitaria.'),
(42, 28, 40, 5, 9, 'Avenida Principal, Ciudad Universitaria.'),
(43, 29, 17, 50, 3, 'Carretera Costera, Frente a la Playa.'),
(44, 41, 50, 18, 1, 'Calle del Evento, Centro de la Ciudad'),
(45, 42, 25, 42, 9, 'Calle de la Educación, Barrio Residencial.'),
(46, 48, 39, 9, 12, 'Calle de la Educación, Barrio Residencial.'),
(47, 36, 28, 3, 9, 'Carretera Costera, Frente a la Playa.'),
(48, 9, 1, 45, 4, 'Carretera Costera, Frente a la Playa.'),
(49, 41, 35, 2, 11, 'Carretera Costera, Frente a la Playa.'),
(50, 10, 41, 32, 4, 'Calle de la Educación, Barrio Residencial.');

--
-- Inserting data into table pruebas_musica
--
INSERT INTO Pruebas_musica(id_pruebas_musica, id_convocatoria, id_solicitud_admision, resultado_prueba_1, resultado_prueba_2, resultado_prueba_3, id_lugar_prueba_1, descripcion_especifica_lugar_prueba_1, fecha_y_hora_prueba_musica_1, id_lugar_prueba_2, descripcion_especifica_lugar_prueba_2, fecha_y_hora_prueba_musica_2, id_lugar_prueba_3, descripcion_especifica_lugar_prueba_3, fecha_y_hora_prueba_musica_3) VALUES
(1, 47, 23, 19, 29, 0, 10, 'Avenida Principal, Ciudad Universitaria.', '2015-01-02 16:29:43', NULL, 'Calle del Evento, Centro de la Ciudad', '2015-01-01 00:02:17', 11, 'Avenida Principal, Ciudad Universitaria.', '19/07/2016'),
(2, 41, 41, 16, 13, 0, 6, 'Avenida Principal, Ciudad Universitaria.', '2017-12-29 11:16:35', 8, 'Carretera Costera, Frente a la Playa.', '2017-03-31 13:29:55', 9, 'Carretera Costera, Frente a la Playa.', '14/04/2019'),
(3, 20, 31, 50, 40, 46, 12, 'Avenida Principal, Ciudad Universitaria.', '2019-06-13 17:02:06', 14, 'Avenida Tecnológica, Zona Industrial.', '2015-01-01 00:14:02', NULL, 'Avenida Tecnológica, Zona Industrial.', '18/03/2016'),
(4, 40, 16, 44, 21, 10, 5, 'Calle del Evento, Centro de la Ciudad', '2015-01-01 00:00:45', 6, 'Avenida Principal, Ciudad Universitaria.', '2018-03-05 04:21:50', 10, 'Avenida Tecnológica, Zona Industrial.', '23/09/2019'),
(5, 36, 18, 49, 38, 23, 7, 'Avenida Principal, Ciudad Universitaria.', '2017-02-12 01:14:21', 4, 'Calle de la Educación, Barrio Residencial.', '2015-01-01 00:00:08', 7, 'Carretera Costera, Frente a la Playa.', NULL),
(6, 7, 1, 22, 5, 29, 6, 'Calle del Evento, Centro de la Ciudad', '2021-10-12 20:58:06', 10, 'Calle de la Educación, Barrio Residencial.', '2021-07-16 11:39:08', NULL, 'Carretera Costera, Frente a la Playa.', '10/02/2018'),
(7, 22, 9, 32, 12, 1, 5, 'Calle del Evento, Centro de la Ciudad', '2020-10-26 19:42:57', 3, 'Calle del Evento, Centro de la Ciudad', '2015-01-01 00:00:06', NULL, 'Calle del Evento, Centro de la Ciudad', '27/12/2017'),
(8, 14, 24, 41, 7, 47, 9, 'Avenida Tecnológica, Zona Industrial.', '2021-07-10 02:56:22', 8, 'Calle del Evento, Centro de la Ciudad', '2022-03-20 22:48:21', 9, 'Avenida Tecnológica, Zona Industrial.', NULL),
(9, 2, 38, 34, 34, 2, 6, 'Calle de la Educación, Barrio Residencial.', '2015-01-01 00:03:39', 5, 'Calle de la Educación, Barrio Residencial.', '2015-01-01 00:00:08', NULL, 'Avenida Principal, Ciudad Universitaria.', '04/06/2015'),
(10, 15, 38, 2, 15, 2, 9, 'Avenida Principal, Ciudad Universitaria.', '2020-04-28 08:45:56', 3, 'Calle del Evento, Centro de la Ciudad', '2015-01-01 00:09:46', 6, 'Calle de la Educación, Barrio Residencial.', '07/09/2018'),
(11, 37, 38, 0, 3, 9, 13, 'Avenida Tecnológica, Zona Industrial.', '2019-02-28 02:31:10', 14, 'Avenida Tecnológica, Zona Industrial.', '2022-07-07 09:21:10', NULL, 'Avenida Principal, Ciudad Universitaria.', '04/06/2015'),
(12, 41, 11, 34, 30, 23, 9, 'Carretera Costera, Frente a la Playa.', '2020-11-21 05:54:50', 10, 'Carretera Costera, Frente a la Playa.', '2019-01-19 05:55:27', 4, 'Calle de la Educación, Barrio Residencial.', '19/07/2016'),
(13, 40, 6, 48, 32, 31, 12, 'Avenida Principal, Ciudad Universitaria.', '2022-03-23 19:16:11', 8, 'Calle de la Educación, Barrio Residencial.', '2015-01-01 01:26:34', 5, 'Carretera Costera, Frente a la Playa.', '30/01/2020'),
(14, 43, 10, 39, 23, 28, 11, 'Carretera Costera, Frente a la Playa.', '2015-01-01 01:30:10', 6, 'Calle de la Educación, Barrio Residencial.', '2023-02-27 22:44:45', 10, 'Calle de la Educación, Barrio Residencial.', '13/11/2022'),
(15, 41, 28, 22, 23, 34, 11, 'Avenida Tecnológica, Zona Industrial.', '2021-12-16 16:43:38', NULL, 'Avenida Principal, Ciudad Universitaria.', '2020-09-18 08:03:55', 12, 'Avenida Principal, Ciudad Universitaria.', '03/07/2017'),
(16, 50, 13, 2, 32, 40, 8, 'Calle del Evento, Centro de la Ciudad', '2015-03-28 14:18:11', 13, 'Avenida Tecnológica, Zona Industrial.', '2015-01-01 02:28:53', 8, 'Carretera Costera, Frente a la Playa.', '16/02/2021'),
(17, 37, 42, 32, 38, 49, 7, 'Calle de la Educación, Barrio Residencial.', '2022-11-30 12:08:23', 10, 'Avenida Tecnológica, Zona Industrial.', '2021-08-20 08:50:04', 7, 'Avenida Tecnológica, Zona Industrial.', '21/05/2015'),
(18, 9, 28, 1, 16, 7, 13, 'Avenida Principal, Ciudad Universitaria.', '2018-03-15 19:59:52', 6, 'Carretera Costera, Frente a la Playa.', '2021-05-07 19:21:48', 3, 'Calle del Evento, Centro de la Ciudad', '16/02/2021'),
(19, 49, 43, 0, 22, 32, 9, 'Calle del Evento, Centro de la Ciudad', '2020-08-04 19:10:31', 8, 'Avenida Tecnológica, Zona Industrial.', '2023-01-18 17:51:09', 9, 'Calle del Evento, Centro de la Ciudad', '10/02/2018'),
(20, 23, 44, 32, 44, 16, 8, 'Calle de la Educación, Barrio Residencial.', '2016-12-02 09:48:19', NULL, 'Avenida Principal, Ciudad Universitaria.', '2021-05-22 18:45:14', 12, 'Avenida Principal, Ciudad Universitaria.', '29/06/2019'),
(21, 8, 36, 6, 26, 29, 2, 'Calle del Evento, Centro de la Ciudad', '2019-08-19 09:56:14', 1, 'Calle del Evento, Centro de la Ciudad', '2017-01-23 12:35:08', 10, 'Calle del Evento, Centro de la Ciudad', '03/07/2017'),
(22, 19, 31, 14, 25, 36, 8, 'Calle de la Educación, Barrio Residencial.', '2015-03-23 11:25:20', 12, 'Calle de la Educación, Barrio Residencial.', '2023-04-30 21:59:13', 3, 'Calle de la Educación, Barrio Residencial.', '21/05/2015'),
(23, 40, 37, 20, 45, 9, 6, 'Avenida Principal, Ciudad Universitaria.', '2015-01-01 00:00:09', 8, 'Avenida Principal, Ciudad Universitaria.', '2019-06-14 00:12:47', 10, 'Avenida Principal, Ciudad Universitaria.', '21/05/2015'),
(24, 46, 50, 40, 25, 44, 4, 'Avenida Principal, Ciudad Universitaria.', '2021-10-02 19:20:07', 3, 'Calle del Evento, Centro de la Ciudad', '2015-01-01 00:14:51', 12, 'Calle de la Educación, Barrio Residencial.', '08/10/2023'),
(25, 28, 34, 50, 46, NULL, 7, 'Avenida Principal, Ciudad Universitaria.', '2019-09-20 19:24:23', NULL, NULL, '2018-06-06 11:03:03', 10, 'Calle de la Educación, Barrio Residencial.', '14/04/2019'),
(26, 42, 23, 31, 39, 4, 11, 'Carretera Costera, Frente a la Playa.', '2015-01-01 20:51:54', 13, 'Avenida Principal, Ciudad Universitaria.', '2015-01-01 00:12:49', 3, 'Calle de la Educación, Barrio Residencial.', '08/10/2023'),
(27, 47, 28, 1, 5, 27, 10, 'Calle del Evento, Centro de la Ciudad', '2018-08-13 21:35:15', 8, 'Avenida Principal, Ciudad Universitaria.', '2015-01-01 00:09:00', 6, 'Calle del Evento, Centro de la Ciudad', '04/06/2015'),
(28, 23, 14, 9, 6, 44, 4, 'Calle de la Educación, Barrio Residencial.', '2020-08-24 15:38:47', 7, 'Calle de la Educación, Barrio Residencial.', '2020-02-05 12:19:20', 6, 'Avenida Principal, Ciudad Universitaria.', NULL),
(29, 31, 17, 46, 26, 3, 10, 'Avenida Principal, Ciudad Universitaria.', '2022-09-28 22:54:18', 6, 'Carretera Costera, Frente a la Playa.', '2015-01-01 01:06:48', 3, 'Carretera Costera, Frente a la Playa.', '19/07/2016'),
(30, 23, 37, 23, 6, 11, 11, 'Calle de la Educación, Barrio Residencial.', '2020-12-05 09:57:27', 7, 'Calle de la Educación, Barrio Residencial.', '2019-03-26 16:28:47', 9, 'Avenida Principal, Ciudad Universitaria.', '28/09/2015'),
(31, 41, 5, 27, 5, 0, 8, 'Calle de la Educación, Barrio Residencial.', '2015-01-01 02:37:11', 11, 'Carretera Costera, Frente a la Playa.', '2020-09-19 06:28:56', 5, 'Carretera Costera, Frente a la Playa.', NULL),
(32, 4, 33, 0, NULL, 16, 6, 'Avenida Principal, Ciudad Universitaria.', '2019-07-27 08:33:08', 7, 'Avenida Principal, Ciudad Universitaria.', '2017-09-28 23:53:52', 11, 'Avenida Principal, Ciudad Universitaria.', '16/02/2021'),
(33, 26, 47, 44, 5, 21, 9, 'Calle del Evento, Centro de la Ciudad', '2015-01-01 00:00:53', 5, 'Calle del Evento, Centro de la Ciudad', '2017-11-10 15:11:58', 4, 'Carretera Costera, Frente a la Playa.', NULL),
(34, 8, 18, 44, 9, 17, 10, 'Calle del Evento, Centro de la Ciudad', '2015-01-01 00:03:19', 12, 'Avenida Principal, Ciudad Universitaria.', '2018-12-07 05:29:12', 6, 'Avenida Principal, Ciudad Universitaria.', '03/07/2017'),
(35, 20, 37, 11, 37, 49, 11, 'Carretera Costera, Frente a la Playa.', '2017-02-15 07:33:08', 12, 'Calle de la Educación, Barrio Residencial.', '2015-01-01 00:00:06', 9, 'Avenida Tecnológica, Zona Industrial.', '25/08/2017'),
(36, 29, 5, 32, 0, 25, 10, 'Avenida Principal, Ciudad Universitaria.', '2019-08-11 23:04:48', 11, 'Calle de la Educación, Barrio Residencial.', '2017-12-02 08:07:39', 9, 'Avenida Tecnológica, Zona Industrial.', '04/06/2015'),
(37, 20, 50, 23, 22, 17, 11, 'Calle de la Educación, Barrio Residencial.', '2023-05-14 05:24:35', 3, 'Calle del Evento, Centro de la Ciudad', '2016-03-07 14:12:02', 4, 'Calle de la Educación, Barrio Residencial.', '27/12/2017'),
(38, 23, 36, 19, 27, 1, 6, 'Avenida Tecnológica, Zona Industrial.', '2018-08-14 16:05:00', 4, 'Calle del Evento, Centro de la Ciudad', '2015-01-01 00:00:01', 12, 'Calle de la Educación, Barrio Residencial.', '08/10/2023'),
(39, 35, 45, 20, 0, 15, 3, 'Calle de la Educación, Barrio Residencial.', '2015-11-16 03:23:51', 5, 'Carretera Costera, Frente a la Playa.', '2017-10-12 17:04:03', 11, 'Carretera Costera, Frente a la Playa.', '03/07/2017'),
(40, 23, 37, 48, 2, 17, 8, 'Avenida Principal, Ciudad Universitaria.', '2021-11-04 00:32:58', 7, 'Calle de la Educación, Barrio Residencial.', '2015-01-01 00:16:28', 4, 'Calle de la Educación, Barrio Residencial.', '08/10/2023'),
(41, 11, 30, 13, 34, 2, 5, 'Carretera Costera, Frente a la Playa.', '2019-05-23 08:37:05', 9, 'Avenida Principal, Ciudad Universitaria.', '2020-05-13 06:34:30', 12, 'Avenida Principal, Ciudad Universitaria.', '27/12/2017'),
(42, 39, 50, 44, 50, 37, 13, 'Avenida Tecnológica, Zona Industrial.', '2020-04-04 00:38:24', 3, 'Calle del Evento, Centro de la Ciudad', '2015-01-01 00:09:25', 4, 'Carretera Costera, Frente a la Playa.', '30/01/2020'),
(43, 27, 20, 30, 2, 47, 12, 'Calle de la Educación, Barrio Residencial.', '2015-01-01 00:01:38', 3, 'Calle de la Educación, Barrio Residencial.', '2022-08-19 10:26:15', 13, 'Avenida Tecnológica, Zona Industrial.', '25/08/2017'),
(44, 21, 1, 23, 21, 25, 5, 'Calle de la Educación, Barrio Residencial.', '2018-09-26 19:40:58', 13, 'Avenida Tecnológica, Zona Industrial.', '2021-11-06 03:47:39', 8, 'Carretera Costera, Frente a la Playa.', '07/09/2018'),
(45, 35, 3, 16, 50, 45, 8, 'Avenida Tecnológica, Zona Industrial.', '2020-03-09 05:04:05', 5, 'Avenida Principal, Ciudad Universitaria.', '2015-01-01 01:54:52', 10, 'Calle del Evento, Centro de la Ciudad', '14/04/2019'),
(46, 37, 36, 20, 7, 26, 7, 'Calle de la Educación, Barrio Residencial.', '2017-05-31 04:26:08', 4, 'Calle de la Educación, Barrio Residencial.', '2015-09-11 11:01:56', 5, 'Calle de la Educación, Barrio Residencial.', '08/10/2023'),
(47, 19, 48, 38, 26, 25, 3, 'Carretera Costera, Frente a la Playa.', '2020-12-21 16:47:57', 11, 'Avenida Tecnológica, Zona Industrial.', '2022-05-27 09:37:36', 5, 'Calle del Evento, Centro de la Ciudad', '13/11/2022'),
(48, 39, 28, 25, 19, 31, 9, 'Avenida Tecnológica, Zona Industrial.', '2015-01-01 00:05:18', 4, 'Calle del Evento, Centro de la Ciudad', '2015-01-01 00:01:37', 9, 'Calle de la Educación, Barrio Residencial.', '19/07/2016'),
(49, 21, 43, 12, 24, 31, 11, 'Avenida Tecnológica, Zona Industrial.', '2015-01-01 00:14:20', 4, 'Calle del Evento, Centro de la Ciudad', '2015-02-27 14:11:26', 5, 'Calle de la Educación, Barrio Residencial.', '04/06/2015'),
(50, 26, 36, 28, 33, 16, 9, 'Calle de la Educación, Barrio Residencial.', '2018-10-31 13:27:22', 7, 'Calle de la Educación, Barrio Residencial.', '2015-01-01 00:01:37', 10, 'Calle del Evento, Centro de la Ciudad', '19/07/2016');

--
-- Inserting data into table pruebas_posgrado
--
INSERT INTO Pruebas_posgrado(id_pruebas_posgrado, id_prueba_posgrado, id_convocatoria, id_solicitud_admision_posgrado, id_lugar_prueba_1_programa_posgrado, descripcion_especifica_lugar_prueba_1_programa_posgrado, resultado_prueba_1_programa_posgrado, id_lugar_prueba_final_programa_posgrado, descripcion_especifica_lugar_prueba_fina_programa_posgrado, resultado_prueba_final_programa_posgrado) VALUES
(47, 47, 28, 44, 9, 'Calle del Evento, Centro de la Ciudad', 10, 9, 'Calle de la Educación, Barrio Residencial.', 9),
(9, 9, 29, 35, 5, 'Avenida Principal, Ciudad Universitaria.', 47, 4, 'Calle del Evento, Centro de la Ciudad', 32),
(18, 18, 47, 36, 3, 'Carretera Costera, Frente a la Playa.', 6, 9, 'Carretera Costera, Frente a la Playa.', 31),
(4, 4, 46, 4, 9, 'Calle de la Educación, Barrio Residencial.', 13, 5, 'Avenida Principal, Ciudad Universitaria.', 6),
(28, 28, 46, 8, 9, 'Carretera Costera, Frente a la Playa.', 22, 10, 'Calle del Evento, Centro de la Ciudad', 13),
(50, 50, 9, 31, 9, 'Avenida Tecnológica, Zona Industrial.', 50, 11, 'Avenida Principal, Ciudad Universitaria.', 4),
(45, 45, 11, 13, 10, 'Avenida Tecnológica, Zona Industrial.', 9, 5, 'Calle del Evento, Centro de la Ciudad', 29),
(48, 48, 30, 18, 10, 'Calle del Evento, Centro de la Ciudad', 14, 8, 'Avenida Principal, Ciudad Universitaria.', 44),
(46, 46, 20, 3, 3, 'Calle del Evento, Centro de la Ciudad', 15, 9, 'Calle del Evento, Centro de la Ciudad', 20),
(23, 23, 31, 36, 10, 'Carretera Costera, Frente a la Playa.', 43, 3, 'Calle de la Educación, Barrio Residencial.', 15),
(13, 13, 20, 3, 9, 'Avenida Tecnológica, Zona Industrial.', 5, 6, 'Calle de la Educación, Barrio Residencial.', 5),
(19, 19, 7, 12, 8, 'Avenida Principal, Ciudad Universitaria.', 0, 10, 'Carretera Costera, Frente a la Playa.', 26),
(42, 42, 27, 35, 7, 'Carretera Costera, Frente a la Playa.', 2, NULL, 'Avenida Principal, Ciudad Universitaria.', 29),
(14, 14, 33, 15, 9, 'Carretera Costera, Frente a la Playa.', 19, 2, 'Calle del Evento, Centro de la Ciudad', 43),
(20, 20, 48, 4, 8, 'Calle del Evento, Centro de la Ciudad', 47, 3, NULL, 27),
(49, 49, 1, 36, 10, 'Calle de la Educación, Barrio Residencial.', 14, 4, 'Avenida Principal, Ciudad Universitaria.', 15),
(15, 15, 16, 3, 5, 'Carretera Costera, Frente a la Playa.', 9, 10, 'Calle del Evento, Centro de la Ciudad', 39),
(37, 37, 49, 26, 12, 'Calle de la Educación, Barrio Residencial.', 35, 12, NULL, NULL),
(43, 43, 19, 39, 5, 'Avenida Principal, Ciudad Universitaria.', 26, 13, 'Avenida Tecnológica, Zona Industrial.', 35),
(21, 21, 39, 18, 6, 'Avenida Tecnológica, Zona Industrial.', 19, NULL, 'Calle del Evento, Centro de la Ciudad', 12),
(29, 29, 8, 48, 3, 'Calle del Evento, Centro de la Ciudad', 45, 9, 'Avenida Principal, Ciudad Universitaria.', 8),
(38, 38, 31, 45, 8, 'Calle de la Educación, Barrio Residencial.', 18, 13, 'Avenida Tecnológica, Zona Industrial.', 29),
(10, 10, 24, 28, 9, 'Avenida Tecnológica, Zona Industrial.', 45, 3, NULL, 19),
(16, 16, 39, 2, 8, 'Avenida Tecnológica, Zona Industrial.', 15, 8, 'Calle del Evento, Centro de la Ciudad', 29),
(5, 5, 9, 5, 11, 'Calle de la Educación, Barrio Residencial.', 5, 4, 'Calle del Evento, Centro de la Ciudad', 38),
(11, 11, 21, 28, 4, 'Avenida Principal, Ciudad Universitaria.', 27, 2, 'Calle del Evento, Centro de la Ciudad', 4),
(24, 24, 35, 40, 11, 'Calle de la Educación, Barrio Residencial.', 38, 6, 'Calle del Evento, Centro de la Ciudad', 21),
(30, 30, 11, 1, 11, 'Avenida Tecnológica, Zona Industrial.', 41, 8, 'Avenida Tecnológica, Zona Industrial.', 3),
(25, 25, 25, 3, 4, 'Calle del Evento, Centro de la Ciudad', 9, 9, 'Carretera Costera, Frente a la Playa.', NULL),
(22, 22, 49, 35, 5, 'Avenida Tecnológica, Zona Industrial.', 49, 7, 'Calle de la Educación, Barrio Residencial.', 19),
(44, 44, 2, 24, 12, 'Calle de la Educación, Barrio Residencial.', 24, 7, 'Carretera Costera, Frente a la Playa.', 27),
(6, 6, 12, 25, 8, 'Calle de la Educación, Barrio Residencial.', 7, 9, 'Avenida Tecnológica, Zona Industrial.', 5),
(31, 31, 21, 28, 6, 'Avenida Tecnológica, Zona Industrial.', 45, 9, 'Carretera Costera, Frente a la Playa.', 37),
(39, 39, 42, 41, 11, 'Avenida Tecnológica, Zona Industrial.', 38, 1, 'Calle del Evento, Centro de la Ciudad', 36),
(26, 26, 44, 33, 11, 'Avenida Tecnológica, Zona Industrial.', 1, 10, 'Avenida Principal, Ciudad Universitaria.', 40),
(32, 32, 14, 36, 8, 'Avenida Principal, Ciudad Universitaria.', 17, 2, 'Calle del Evento, Centro de la Ciudad', 1),
(17, 17, 14, 27, 5, 'Calle del Evento, Centro de la Ciudad', 1, 1, 'Calle del Evento, Centro de la Ciudad', 23),
(12, 12, 11, 30, 6, 'Avenida Principal, Ciudad Universitaria.', 10, 4, 'Calle de la Educación, Barrio Residencial.', 0),
(1, 1, 46, 43, 2, 'Carretera Costera, Frente a la Playa.', 23, 8, 'Carretera Costera, Frente a la Playa.', 21),
(34, 34, 43, 37, 9, 'Avenida Tecnológica, Zona Industrial.', 17, 14, 'Avenida Tecnológica, Zona Industrial.', NULL),
(40, 40, 38, 14, 8, 'Avenida Tecnológica, Zona Industrial.', 3, 9, 'Avenida Principal, Ciudad Universitaria.', 36),
(27, 27, 7, 38, 12, 'Calle de la Educación, Barrio Residencial.', 2, 3, 'Carretera Costera, Frente a la Playa.', 26),
(33, 33, 22, 25, 9, 'Carretera Costera, Frente a la Playa.', 34, 7, 'Avenida Tecnológica, Zona Industrial.', NULL),
(7, 7, 31, 49, 10, 'Carretera Costera, Frente a la Playa.', 42, 7, 'Avenida Tecnológica, Zona Industrial.', NULL),
(35, 35, 36, 35, 8, 'Carretera Costera, Frente a la Playa.', 12, 9, 'Avenida Principal, Ciudad Universitaria.', 48),
(41, 41, 3, 14, 5, 'Calle del Evento, Centro de la Ciudad', 1, 7, 'Calle del Evento, Centro de la Ciudad', 0),
(36, 36, 3, 36, 4, 'Calle del Evento, Centro de la Ciudad', 49, 8, 'Calle de la Educación, Barrio Residencial.', 36),
(2, 2, 41, 22, 11, 'Avenida Tecnológica, Zona Industrial.', 48, 3, 'Calle del Evento, Centro de la Ciudad', 35),
(8, 8, 1, 18, 7, 'Calle del Evento, Centro de la Ciudad', 39, 9, 'Calle de la Educación, Barrio Residencial.', 36),
(3, 3, 48, 16, 8, 'Avenida Tecnológica, Zona Industrial.', 37, 11, 'Calle de la Educación, Barrio Residencial.', 31);

--
-- Inserting data into table simulacro_extranjero
--
INSERT INTO Simulacro_extranjero(id_simulacro_extranjero, id_convocatoria, id_solicitud_admision) VALUES
(1, 4, 44),
(2, 34, 37),
(3, 37, 31),
(4, 26, 24),
(5, 16, 11),
(6, 39, 9),
(7, 22, 3),
(8, 14, 22),
(9, 24, 14),
(10, 33, 47),
(11, 27, 1),
(12, 14, 32),
(13, 23, 33),
(14, 37, 38),
(15, 13, 7),
(16, 10, 40),
(17, 37, 44),
(18, 5, 26),
(19, 3, 24),
(20, 24, 28),
(21, 46, 42),
(22, 18, 44),
(23, 20, 11),
(24, 13, 33),
(25, 17, 44),
(26, 44, 6),
(27, 26, 46),
(28, 47, 47),
(29, 34, 27),
(30, 5, 34),
(31, 7, 13),
(32, 29, 24),
(33, 31, 48),
(34, 27, 25),
(35, 26, 45),
(36, 32, 7),
(37, 50, 2),
(38, 45, 19),
(39, 24, 36),
(40, 29, 37),
(41, 21, 47),
(42, 35, 41),
(43, 6, 29),
(44, 18, 35),
(45, 20, 16),
(46, 2, 44),
(47, 1, 46),
(48, 3, 18),
(49, 24, 10),
(50, 48, 2);